{"0":[55.8589889,36.4829512],
"1":[54.4723579,37.1690448],
"2":[56.9226894,37.6326583],
"3":[56.5220890,38.8096617],
"4":[56.2725323,38.4361380],
"5":[54.1248714,37.9264025],
"6":[56.7944677,36.1440140],
"7":[56.6127260,36.2299872],
"8":[56.9463202,36.9396216],
"9":[54.1754914,37.1047165],
"10":[55.1457812,38.8185655]}