{"0":[55.7452729,36.6080887],
"1":[56.3508235,36.8987400],
"2":[55.5596204,38.8950586],
"3":[56.3099887,36.3414218],
"4":[55.6978738,37.6362301],
"5":[55.9152863,38.4493004],
"6":[55.4899199,37.8039710],
"7":[56.6888194,37.3134192],
"8":[56.8064071,37.3347435],
"9":[56.2685084,38.1970478],
"10":[56.6794726,38.5599868]}