{"0":[55.1428046,36.3609224],
"1":[54.3760542,36.9992112],
"2":[55.3709028,36.8690531],
"3":[55.6145022,36.3375521],
"4":[55.2676311,38.2960629],
"5":[54.8435515,36.2758487],
"6":[56.4641872,36.7133597],
"7":[56.4475735,36.7134761],
"8":[56.6796651,37.4194360],
"9":[54.1245610,37.7928608],
"10":[55.8196974,38.1295334]}